50200601	鐵馬征塵
50200602	鋒芒所向
50200603	破堅摧剛
50200605	槍敵萬軍
50102302	我武惟揚
50102303	雄視一方
50102305	北地翩翩
50200701	劍挽華袖
50200702	將門虎女
50200703	馳馬試劍
50102401	錦機妙手
50102402	移商換羽
50102403	神工意匠
50102405	鏤月裁雲
50200801	商略良朋
50200802	同諮合謀
50200803	應者雲集
50102501	橫掃千軍
50102502	古之惡來
50102503	義戰宛城
50103003	禍福先兆
50104005	長驅直入
50106702	經達權變
50106901	攻戰陷陣
50106902	軍紀肅然
50106903	鐵律霜寒
50106905	鋒鏑偃月
81001	龍膽亮銀槍
81002	方天畫戟
81003	神機扇
81004	玄冥天罡扇
81005	青雲天音笛
81006	清翎玄機扇
81007	雌雄雙股劍
81008	丈八蛇矛
81009	青龍偃月刀
81010	虎頭湛金槍
81011	法清墨吟扇
81012	吟風逐焰劍
81013	倚天劍
81014	鑌鐵寒光錘
81016	狂瀾鑌鐵刀
81017	松紋古錠刀
81019	霸王槍
81022	黃天御雷幡
81023	武定四方槊
81024	玄機書卷
81025	冷月追魂戟
81028	千相玄樞拂
81030	鎮厄祈雨拂
81032	靈霄碧霞棍
81033	風雲九霄劍
81034	驚鴻琵琶
81035	玄風鬼謀扇
81036	烈焰焚天劍
81037	天雷裂地刀
81039	鎮威擎天刀
81040	毅勇鎮軍斧
81045	月華流光扇
81046	流風綺扇
81047	平世江山劍
81049	雄心刀
81050	玄影破空槍
81051	幽蘭幻夢扇
81057	慈雲瑞錦扇
81058	奇謀銳意劍
81059	儒武淩雲劍
81060	篤義濟和杖
81062	巾幗挽瀾矛
81063	逸塵颯英槍
81064	破陣黃天戟
81065	風雷破蒼扇
81066	燕影穿雲弓
81067	謀淵定世劍
81068	識英斷玉劍
81069	雪霆裂江刃
81070	孤鴻酬志劍
81071	孤旌銜膽槍
81072	春酢驚枝劍
81073	百創赤心刀
81074	思召金戈弓
81075	雁門霜鋒槍
82001	飛景劍
82002	飛虹雙月戟
82007	青影寒月刀
82008	明德板笏
82018	雪志無畏刀
82021	寒星龍騰刀
82023	虎咆憾嶽矛
50106805	明於軍計
50106803	勇過賁育
50106802	知足不辱
51001	趙雲
51002	呂布
51003	諸葛亮
51004	司馬懿
51005	荀彧
51006	郭嘉
51007	劉備
51008	張飛
51009	關羽
51010	馬超
51011	法正
51012	周瑜
51013	曹操
51014	許褚
51016	甘寧
51017	孫堅
51019	孫策
51022	張角
51023	公孫瓚
51024	黃月英
51025	典韋
51028	左慈
51030	于吉
51032	龐統
51033	徐庶
51034	貂蟬
51035	賈詡
51036	廖化
51037	孟獲
51039	王平
51040	徐晃
51045	大喬
51046	小喬
51047	孫權
51048	孫魯班
51049	黃蓋
51050	程普
51051	步練師
51057	吳國太
51058	魏延
51059	呂蒙
51060	魯肅
51062	張星彩
51063	馬雲祿
51064	張梁
51065	張寶
51066	張燕
51067	荀攸
51068	程昱
51069	高順
51070	陳宮
51071	姜維
51072	張春華
51073	周泰
51074	袁紹
51075	張遼
52001	曹丕
52002	呂玲綺
52004	徐榮
52005	卞喜
52006	關平
52007	關銀屏
52008	糜竺
52009	李典
52011	呂岱
52016	張曼成
52018	樂進
52020	王允
52021	關興
52022	淩統
52023	張苞
52024	曹真
52025	陳琳
52027	諸葛瑾
52028	戲志才
52029	丁奉
52030	步騭
50105901	白衣渡江
50105801	折衝外禦
50105701	萬頃平波
50105101	紅顏不妒
50105001	南風勇將
50104901	苦肉計
50104801	丹鳳朝陽
50104701	濡須抗敵
50104601	弄影射花
50104505	傾瀾照影
50104502	月華如練
550001	對敵方部曲造成一次直接傷害 (傷害係數%s)，同時使自身普攻傷害提升%s(受武力影響)，持續%s秒
550002	自身成功釋放普攻後，%s機率觸發追擊，額外普攻一次
550003	所在部曲的防禦提升%s（受武力影響）；所在的騎兵部曲移速額外提升%s
550005	趙雲有七進七出之勇，[單騎救主]技能的追擊效果最多可連續觸發%s次，每次觸發機率依次遞減。追擊淩厲，如戰神降世。每次成功觸發追擊後，使部曲防禦提升%s（受武力影響），持續%s秒
550006	以轅門射戟之威，一箭雙雕，勢不可擋。對%s碼範圍造成一次橫掃傷害，主目標部曲受到的傷害係數為%s（受武力影響），其他部曲受到的傷害係數為%s（率領騎兵部曲時額外提升%s），最多命中%s部曲；同時%s機率對主目標部曲隨機一名武將施加[url={f=2,560089,300,false}][color=#e0b866]奪志狀態[/color][/url]，造成的技能傷害降低%s，持續%s秒
550007	孤膽難懼群狼，一夫當關，萬夫莫開。自身成功釋放主動技能後，每命中一個敵方部曲則自身技能傷害提升%s，持續%s秒
550008	所在部曲的防禦提升%s（受武力影響）；當敵方部曲兵力低於%s時，造成普攻傷害時%s機率直接使敵方部曲進入潰敗狀態
550010	人中呂布，馬中赤兔。自身成功釋放主動技能後，挑選主目標部曲一名武力最低武將單挑，若自身武力大於敵方武將，則額外造成一次傷害（每%s點武力差提供%s傷害係數，受武力影響）；另外，所在部曲的防禦提升%s（受武力影響）
550011	諸葛亮引星宿之力，對敵方部曲造成一次直接傷害 (傷害係數%s，受智力影響)，以智謀碾壓群英，根據自身與敵方智力最低武將的智力之差額外提升（每點智力差提升%s)
550012	所在部曲每參與擊潰一個敵方部曲，自身技能傷害提升%s，可疊加%s次
550013	受到普攻時，部曲防禦提升%s（受智力影響），持續%s秒，不可疊加
550015	八卦陣陰陽相生，自身成功釋放主動技能後，時機契合則可一生二，%s（受智力影響）機率下一秒再釋放一次；所在部曲的防禦提升%s（受智力影響）
550016	司馬懿善以隱忍藏鋒、後發制敵，以精准謀算對敵方部曲造成一次技能傷害（傷害係數%s，受智力影響），使自身進入隱忍狀態，每秒對主目標部曲造成%s次隱忍傷害（傷害係數%s），持續%s秒
550017	所在部曲的防禦提升%s（受智力影響），若部曲兵力低於%s，額外提升%s
550018	自身技能傷害係數提升%s，若部曲兵力低於%s，額外提升%s
550020	伏於塚中的猛虎，極擅忍而不發，靜待時機。自身每造成一次技能傷害均可使隱忍狀態下的隱忍傷害提升%s（受智力影響），可疊加%s層；所在部曲的防禦提升%s（受智力影響）
550021	對敵方部曲造成一次直接傷害 (傷害係數%s，受智力影響），%s機率額外造成一次直接傷害（傷害係數%s）
550022	自身成功釋放普攻後，%s機率對主目標部曲施加[url={f=2,560075,300,false}][color=#e0b866]易傷狀態[/color][/url]，受到所有傷害提升%s，持續%s秒；若主目標部曲已處於[url={f=2,560075,300,false}][color=#e0b866]易傷狀態[/color][/url]，則本次普攻傷害係數提升%s
550023	自身成功釋放普攻後，%s機率提升部曲防禦%s（受智力影響），持續%s秒
550025	[縱橫捭闔]技能[url={f=2,560075,300,false}][color=#e0b866]易傷狀態[/color][/url]觸發機率提升%s（受智力影響）；所在部曲的防禦提升%s（受智力影響）
550026	對敵方部曲造成一次直接傷害 (傷害係數%s，受智力影響)，下一秒召喚戰鷹[img]ui://HeroCamp/2026[/img]，持續%s秒，該效果冷卻時間%s秒。戰鷹屬性：繼承郭嘉基礎屬性的%s；戰鷹普攻：傷害係數%s；戰鷹主動技能：對主目標部曲施加[url={f=2,560091,300,false}][color=#e0b866]冰凍狀態[/color][/url]，持續%s秒，不可疊加。處於冰凍狀態的部曲移速降低%s，受到郭嘉部曲所有武將的技能傷害後有%s概率受到冰凍附帶傷害（傷害係數%s）
550027	所在部曲的防禦提升%s（受智力影響）；若戰鷹同時在場，則部曲防禦額外提升%s
550028	[破敵刃心]技能召喚的戰鷹屬性提升%s
550030	郭嘉輕搖羽扇，似雷霆乍驚。自身成功釋放主動技能後，%s機率額外造成一次技能傷害（傷害係數%s，受智力影響）；所在部曲的防禦提升%s（受智力影響），受到近戰部曲傷害時額外提升部曲防禦%s
550031	對敵方部曲造成一次直接傷害 (傷害係數%s，受統率影響)，%s機率額外造成一次直接傷害（傷害係數%s）。劉備仁義之光庇護萬民，同時治療部分士兵（治療係數%s）並使部曲獲得[url={f=2,560076,300,false}][color=#e0b866]自愈狀態[/color][/url]，每次受到傷害後%s機率治療一次士兵（治療係數%s），持續%s秒，每秒最多觸發%s次
550032	所在部曲的防禦提升%s（受統率影響）；部曲全部武將的技能傷害提升%s（受統率影響）
550033	[德厚流光]技能的治療效果額外根據部曲所有武將的統率之和提升，每%s點統率提升%s
550035	躍馬檀溪者，乃以險中求生之智，化危為機之能。部曲深入敵軍，所在部曲周圍%s碼範圍內若有敵方部曲可獲得以下增益：部曲防禦提升%s（受統率影響），部曲所有武將的主動技能傷害提升%s（受統率影響），該增益效果可疊加%s層
550036	張飛怒吼震天，聲若洪鐘。對%s碼範圍內最多%s支敵方部曲造成一次傷害（傷害係數%s，受武力影響），主目標部曲受到全額傷害，其他部曲受到%s傷害；怒吼不僅傷敵於外，更可擾敵於心。%s機率對主目標部曲施加[url={f=2,560078,300,false}][color=#e0b866]虛弱狀態[/color][/url]，造成所有傷害降低%s，持續%s秒
550037	受到普攻時，部曲獲得一層[url={f=2,560073,300,false}][color=#e0b866]不屈狀態[/color][/url]，部曲防禦提升%s（受武力影響），持續%s秒
550038	[不動如山]技能的圓形範圍額外提升%s碼
550040	張飛於亂軍之中屹立不倒，敵人愈多愈加不屈。受到不同部曲普攻時，[據水斷橋]技能的不屈層數可疊加，最多疊加%s層（第2層開始衰減%s，受武力影響）；釋放主動技能時，每受到一個部曲的普攻傷害則自身技能傷害額外提升%s（受武力影響）
550041	關羽揮舞偃月刀，如驚雷掣電。對%s碼範圍造成一次橫掃傷害，主目標部曲受到的傷害係數為%s（受武力影響），其他部曲受到的傷害係數為%s，最多命中%s個部曲
550042	所在部曲周圍%s碼的圓形範圍內，每存在一個敵方部曲則提升所在部曲防禦%s（受武力影響），最多疊加5次
550043	根據主動技能的命中數量提升部曲防禦，每命中一個敵方部曲則我方部曲防禦提升%s（受武力影響），持續%s秒
550045	[單刀赴會]技能對主目標部曲的主動技能傷害係數額外提升%s（受武力影響）；%s機率對主目標部曲施加[url={f=2,560075,300,false}][color=#e0b866]易傷狀態[/color][/url]，受到所有傷害增加%s，持續%s秒；困獸猶鬥不足畏，敗軍之將更難支，若敵方部曲處於[url={f=2,560078,300,false}][color=#e0b866]虛弱狀態[/color][/url]，則易傷效果額外增加%s；所在部曲兵力高於%s時，部曲防禦提升%s（受武力影響）
550046	馬超銳不可當，對敵方部曲造成一次直接傷害 (傷害係數%s)，亂敵之心，勝於破敵之勢，同時獲得%s倒戈（根據對主目標造成的傷害恢復部分兵力）
550047	自身普攻傷害提升%s
550048	自身成功釋放普攻後，%s（受武力影響）機率觸發追擊，額外普攻一次；所在部曲的防禦提升%s（受武力影響）
550050	馬超之勢雷動風行，群英莫敢敵。進入戰鬥後，所在部曲移速每比敵方部曲多%s點則提升自身普攻傷害%s（受武力影響）和部曲防禦%s（受武力影響），持續%s秒，冷卻時間%s秒
550051	對敵方部曲造成一次直接傷害 (傷害係數%s，受智力影響)，並有%s機率向敵方部曲施加[url={f=2,560075,300,false}][color=#e0b866]易傷狀態[/color][/url]，部曲受到所有傷害增加%s（受智力影響），持續%s秒
550052	自身成功釋放主動技能後，部曲防禦提升%s（受智力影響），持續%s秒
550053	[計斬妙才]的[url={f=2,560075,300,false}][color=#e0b866]易傷狀態[/color][/url]觸發機率額外提升%s（受智力影響）
550055	自身普攻傷害提升%s（受智力影響）；[計斬妙才]的[url={f=2,560075,300,false}][color=#e0b866]易傷狀態[/color][/url]持續時間增加%s秒；所在部曲的防禦提升%s（受智力影響）
550056	周瑜憑江水之浩渺，燃烈火之威猛。對%s碼範圍內最多%s支敵方部曲造成一次傷害（傷害係數%s，受智力影響），主目標部曲受到全額傷害，其他部曲受到%s傷害，額外對主目標部曲造成一次傷害（傷害係數為自身智力*%s）
550057	自身成功釋放主動技能後，%s機率對敵方部曲施加[url={f=2,560070,300,false}][color=#e0b866]燃燒狀態[/color][/url]，每秒受到一次燃燒傷害（傷害係數%s，受智力影響），持續%s秒
550058	根據主動技能的命中數量提升部曲防禦，每命中一個敵方部曲提升%s（受智力影響）部曲防禦，持續%s秒
550060	火借風勢，愈盛愈烈，借敵眾之勢而壯己威。若敵方部曲兵力大於%s時，燃燒傷害額外提升%s（受智力影響）；所在部曲的防禦提升%s（受智力影響）
550061	對敵方部曲造成一次直接傷害 (傷害係數%s，受統率影響)，同時部曲武力最高的武將技能傷害提升%s（受統率影響），持續%s秒
550062	受到普攻時，部曲獲得一層[url={f=2,560077,300,false}][color=#e0b866]梟雄狀態[/color][/url]：部曲防禦提升%s（受統率影響），部曲所有武將技能傷害提升%s，持續%s秒，不可疊加
550063	所在的騎兵部曲移速提升%s
550065	曹操統軍素來有雄略，麾下受其志所染，部曲免疫所有武將技能減速效果；部曲兵力高於%s時，自身技能傷害提升%s（受統率影響）；部曲兵力低於%s時，部曲防禦提升%s（受統率影響）
550066	虎癡許褚徑取敵陣中武力孱弱之處，對敵方部曲造成一次直接傷害 (傷害係數%s，受武力影響），根據自身與敵方武力最低武將的武力之差額外提升（每點武力差提升%s)
550067	所在部曲防禦提升%s（受武力影響），受到遠程部曲傷害時，部曲防禦額外提升%s
550068	自身成功釋放普攻後，若率領的是近戰部曲則有%s機率對主目標部曲施加泥潭狀態，部曲移速降低%s，持續%s秒
550070	部曲交戰%s秒後進入裸衣血戰狀態[img]ui://HeroCamp/2430[/img]，立即解除且免疫攔截、禁錮、嘲諷、牽引和眩暈，部曲防禦加成降低%s，移速提升%s，自身和武力最高武將的技能傷害提升%s（受武力影響），持續%s秒，冷卻時間%s秒。所在部曲兵力低於%s時，部曲防禦提升%s（受武力影響）。虎癡棄甲以增殺伐，兵寡愈見其堅
550076	對敵方部曲造成一次直接傷害 (傷害係數%s，受武力影響)，並根據自身武力提升自身普攻係數（每%s武力提升%s），持續%s秒
550077	所在部曲的防禦提升%s（受武力影響）；自身普攻附帶濺射效果，可對%s碼範圍內最多%s個敵方部曲造成濺射傷害（傷害係數%s，受武力影響）
550078	自身成功釋放普攻後，若率領的是近戰部曲則有%s機率對主目標部曲施加[url={f=2,560072,300,false}][color=#e0b866]泥潭狀態[/color][/url]，移速降低%s，持續%s秒
550080	自身對處於[url={f=2,560072,300,false}][color=#e0b866]泥潭狀態[/color][/url]的部曲釋放普攻時傷害額外提升%s（受武力影響）；受到處於[url={f=2,560072,300,false}][color=#e0b866]泥潭狀態[/color][/url]部曲普攻時，%s機率提升部曲防禦%s（受武力影響），持續%s秒
550081	孫堅無畏之勇若猛虎下山，對敵方部曲造成一次直接傷害 (傷害係數%s，受統率影響)，猛虎撲食，沼澤困獸，若率領的是近戰部曲則有%s機率對主目標部曲施加[url={f=2,560072,300,false}][color=#e0b866]泥潭狀態[/color][/url]，部曲移速降低%s，持續%s秒
550082	部曲所有武將普攻傷害提升%s（受統率影響）；自身成功釋放普攻後，%s機率對主目標部曲施加[url={f=2,560088,300,false}][color=#e0b866]斷糧狀態[/color][/url]，部曲治療效果降低%s，部曲持續%s秒
550083	所在部曲的防禦提升%s（受統率影響），若主目標部曲是野怪，則部曲防禦額外提升%s
550085	部曲所有武將的追擊機率提升%s（受統率影響）；所在部曲的防禦提升%s（受統率影響）
550091	霸王之姿，攻守兼備！孫策以雷霆之勢破陣，以堅盾之態禦敵。對敵方部曲造成一次直接傷害 (傷害係數%s，受武力影響)，同時使自身進入舉盾[url={f=2,560108,300,false}][color=#e0b866]固守狀態[/color][/url]，減免%s受到的所有傷害且反彈%s的受到的所有原始傷害（每秒最多觸發%s次，反擊、反彈和燃燒不觸發），持續%s秒
550092	小霸王衝鋒在前，親作表率，麾下將士無不捨生忘死，堅不可摧！自身成功釋放普攻或追擊後，部曲防禦提升%s（受武力影響），持續%s秒
550093	部曲所有武將成功釋放普攻或追擊後，固守狀態的部曲減傷效果額外提升%s，可疊加%s次
550095	所在的部曲防禦提升%s（受武力影響），所在部曲潰敗後召喚江東戰旗，%s範圍內戰鬥狀態的友方（最多%s個）盾兵部曲防禦提升%s，不可疊加，持續%s秒，冷卻時間%s秒。受到%s支及以上部曲集火且所在的盾兵部曲兵力首次低於[url={f=2,560109,300,false}][color=#e0b866]一定數量[/color][/url]時，部曲獲得不滅狀態(僅與玩家部曲戰鬥時生效），每秒最多承受最大兵力的%s常規傷害，同時造成的所有傷害降低%s（不可被清除），持續%s秒。自身普攻傷害提升%s（受武力影響）
550106	對敵方部曲造成一次直接傷害 (傷害係數%s，受智力影響)，同時提升部曲防禦%s（受智力影響），持續%s秒
550107	自身主動技能傷害係數提升%s；自身成功釋放普攻後，若所在的是近戰部曲則有%s機率對%s碼範圍內最多%s個敵方部曲（僅對玩家部曲和資源地守軍生效）施加嘲諷狀態，持續%s秒
550108	進入戰鬥後，所在部曲進入[url={f=2,560069,300,false}][color=#e0b866]黃天狀態[/color][/url]：獲得一個可吸收傷害的護盾（護盾係數%s），持續%s秒，冷卻時間%s秒
550110	護盾消失時對%s碼範圍內最多%s個敵方部曲造成一次傷害（傷害係數%s，受智力影響）；所在部曲的防禦提升%s（受智力影響）
550111	對敵方部曲造成一次直接傷害 (傷害係數%s，受武力影響)，%s機率提升自身普攻傷害%s，持續%s秒
550112	所在部曲的防禦提升%s（受武力影響）；非潰敗狀態下脫戰後，回復部分士兵（回復係數%s）
550113	所在的騎兵部曲移速提升%s，受到普攻後，所在的騎兵部曲移速額外提升%s，持續%s秒，不可疊加
550115	自身成功釋放普攻後，若率領的是近戰部曲有%s機率對主目標部曲施加[url={f=2,560072,300,false}][color=#e0b866]泥潭狀態[/color][/url]（移速降低%s），同時自身普攻傷害提升%s（受武力影響）和部曲防禦提升%s（受武力影響），持續%s秒
550116	對敵方部曲造成一次直接傷害 (傷害係數%s，受智力影響)
550117	使我方部曲中智力最高武將的普攻傷害提升%s，武將每點智力額外提升%s，最多可提升%s
550118	自身進行普攻後%s機率治療部分士兵（治療係數%s，受智力影響）
550120	使我方部曲中智力最高武將的技能傷害提升%s（受智力影響），若主目標是野怪，該效果額外提升%s；所在部曲的防禦提升%s（受智力影響）
550121	典韋雷霆萬鈞之勢直擊敵軍，對敵方部曲造成一次直接傷害 (傷害係數%s，受武力影響)，快者制勝，遲者受制，根據雙方的移速差額外提升本次傷害係數，每%s移速差提升%s
550122	部曲兵力低於%s時，自身主動技能傷害係數提升%s（受武力影響）；自身成功釋放普攻後，%s機率對主目標部曲隨機一名武將施加[url={f=2,560090,300,false}][color=#e0b866]挫鋒狀態[/color][/url]，造成的普攻傷害降低%s，持續%s秒
550123	所在部曲的防禦提升%s（受武力影響）；根據雙方速度差提升閃避機率（閃避成功可免疫普攻傷害），每%s點速度差提升%s
550125	避其鋒芒，待時而動，反擊制勝。部曲閃避成功後，則自身的普攻傷害係數額外提升%s，持續%s秒，不可疊加；所在部曲的防禦提升%s（受武力影響）；自身技能傷害提升%s（受武力影響）
550136	左慈引道家玄法，凝智計為術，對敵方部曲造成一次直接傷害 (傷害係數%s，受智力影響)，下一秒施展出精妙幻術，幻化%s分身（使受到的技能傷害降低%s，每個分身獨立判斷，優先消耗護盾），當前每額外受到一個敵方部曲集火，有%s機率額外幻化分身%s個（被集火時最多幻化%s個），持續%s秒
550137	自身成功釋放主動技能後，根據分身的數量提升所在部曲的防禦%s（受智力影響），持續%s秒
550138	所在部曲位於橋樑或峽谷時，部曲防禦提升%s；所在部曲位於樹林時，部曲防禦提升%s
550140	術法既出，道韻流轉。自身成功釋放主動技能後，根據分身數量提升自身技能傷害%s（受智力影響），持續%s秒；所在部曲防禦提升%s（受智力影響）
550146	天道無常，于吉借天機之變，對%s碼範圍內最多%s支敵方部曲造成一次傷害（傷害係數%s，受智力影響，主目標部曲受到全額傷害，其他部曲受到%s傷害），同時使所在部曲獲得[url={f=2,560096,300,false}][color=#e0b866]符癒狀態[/color][/url]，每受到一次普攻傷害可治療部分士兵（治療係數%s，每秒最多觸發%s次），持續%s秒
550147	于吉施太平秘術，所在部曲護盾消失時，部曲防禦提升%s（受智力影響），持續%s秒
550148	所在部曲統率最高武將的技能傷害提升%s
550150	根據所在部曲全部武將的統率之和提升部曲防禦，每%s點統率提升%s部曲防禦（受智力影響）；自身成功釋放主動技能後，若命中的部曲處於嘲諷狀態，則額外對其施加[url={f=2,560078,300,false}][color=#e0b866]虛弱狀態[/color][/url]，造成的所有傷害降低%s，持續%s秒；自身技能傷害提升%s（受智力影響）
550156	龐統施以連環計策，盡顯鳳雛用兵之道。對敵方部曲造成一次直接傷害（傷害係數%s），並施加鐵索狀態，%s秒內主目標部曲累計受到大於%s兵力傷害時，額外附帶一次傷害（傷害係數%s），不可疊加
550157	若所在部曲的主將為智力最高的武將，其釋放主動技能時%s機率觸發技能傷害暴擊（暴擊傷害率為%s，受智力影響）
550158	每成功釋放一次鐵索狀態，部曲防禦提升%s（受智力影響），可疊加%s層，持續整場戰鬥
550160	連環計策牽一髮而動全身。龐統自身技能傷害提升%s（受智力影響）；所在部曲防禦提升%s（受智力影響）；[索命連環]技能的鐵索狀態二段傷害提升%s；當主目標部曲觸發鐵索二段傷害時，可對其%s碼範圍內最多%s部曲施加泥潭狀態，部曲移速降低%s，持續%s秒
550161	對敵方部曲造成一次直接傷害 (傷害係數%s，受智力影響)，另外根據自身與敵方隨機一名武將的智力之差額外提升（每點智力差提升%s)
550162	在聯盟烽火臺範圍內，自身主動技能傷害係數提升%s
550163	所在部曲的防禦提升%s（受智力影響）
550165	自身技能傷害提升%s（受智力影響）。自身成功釋放主動技能後，若主目標是野怪，額外再造成一次傷害 (傷害係數%s)；同時有%s機率使部曲防禦提升%s（受智力影響），持續%s秒
550166	貂蟬藏機鋒於婉轉霓裳之內，對%s碼範圍內最多%s支敵方部曲造成一次傷害（傷害係數%s，受智力影響，主目標部曲受到全額傷害，其他部曲受到%s傷害），%s機率對主目標部曲全部男性武將施加[url={f=2,560079,300,false}][color=#e0b866]魅惑狀態[/color][/url]，使其無法釋放普攻和主動技能且對自身部曲造成一次傷害（傷害係數%s），持續%s秒
550167	部曲武力最高武將的技能傷害提升%s；所在的部曲防禦提升%s（受智力影響）
550168	自身成功釋放主動技能後，%s機率治療部分士兵（治療係數%s）
550170	貂蟬驚鴻一曲，自身成功釋放主動每命中一個敵方部曲或者所在部曲每參與擊潰一個敵方部曲，可使主將獲得一層[url={f=2,560098,300,false}][color=#e0b866]傾心狀態[/color][/url]，主將釋放主動技能時有%s機率觸發暴擊（暴擊傷害率為%s，受智力影響，不可疊加），最多疊加%s層，持續整場戰鬥；部曲兵力高於%s時，所率領的部曲防禦提升%s（受智力影響）
550171	賈詡算定敵陣破綻，以陰詭毒計直落敵軍。對敵方部曲造成一次直接傷害（傷害係數%s，受智力影響），並對其施加%s秒侵蝕狀態：目標立即獲得%s層毒計，此後每秒承受一次傷害（傷害係數%s，每層毒計效果獨立計算，不可被清除），持續%s秒
550172	所率領部曲對處於侵蝕狀態的敵方部曲造成的技能傷害提升%s，毒計對野怪的最終傷害額外提升%s
550173	所率領部曲防禦提升%s（受智力影響），每成功施加侵蝕狀態後，部曲防禦額外提升%s，可疊加%s次
550175	賈詡之計，環環相扣。賈詡成功施加侵蝕狀態後，%s秒內部曲全體武將每造成一次技能傷害（毒系傷害不觸發），有%s概率（受智力影響）額外對主目標部曲疊加%s層毒計。所率部曲防禦提升%s（受智力影響）；部曲武將每造成一次技能傷害，額外提升部曲防禦%s，至多疊加%s次。自身成功釋放主動技能後，治療部分士兵（治療係數%s）
550176	對敵方部曲造成一次直接傷害 (傷害係數%s，受統率影響)
550177	所在部曲的防禦提升%s（受統率影響）
550178	自身普攻傷害提升%s；若普攻命中處於[url={f=2,560078,300,false}][color=#e0b866]虛弱狀態[/color][/url]的部曲時，本次普攻傷害係數額外提升%s
550180	部曲武力最高武將的技能傷害提升%s（受統率影響）；所在部曲的防禦提升%s（受統率影響）
550181	對%s碼範圍內最多%s支敵方部曲造成一次傷害（傷害係數%s，受統率影響），主目標部曲受到全額傷害，其他部曲受到%s傷害，%s機率對主目標部曲施加[url={f=2,560078,300,false}][color=#e0b866]虛弱狀態[/color][/url]，造成所有傷害降低%s，持續%s秒
550182	根據主動技能的命中數量提升部曲防禦，每命中一個敵方部曲提升%s部曲防禦（受統率影響），持續%s秒
550183	[喑嗚叱吒]技能施加[url={f=2,560078,300,false}][color=#e0b866]虛弱狀態[/color][/url]的機率提升%s（受統率影響）
550185	受到不同部曲普攻時，可獲得一層[url={f=2,560073,300,false}][color=#e0b866]不屈狀態[/color][/url]，部曲防禦提升%s（受統率影響），持續%s秒，最多疊加%s層（第2層開始衰減%s）；每層[url={f=2,560073,300,false}][color=#e0b866]不屈狀態[/color][/url]可額外提升自身主動技能傷害係數%s（受統率影響）
550191	對敵方部曲造成一次直接傷害 (傷害係數%s，受智力影響)
550192	所在的部曲在樹林中發生戰鬥時，自身主動技能傷害係數提升%s
550193	所在部曲的的防禦提升%s（受智力影響）
550195	自身成功釋放主動技能後，有%s機率額外再造成一次傷害 (傷害係數%s，受智力影響)，同時部曲防禦提升%s（受智力影響），持續%s秒
550196	對敵方部曲造成一次直接傷害 (傷害係數%s，受武力影響)，若率領的是近戰部曲則有%s機率對主目標部曲施加[url={f=2,560072,300,false}][color=#e0b866]泥潭狀態[/color][/url]，部曲移速降低%s，持續%s秒
550197	主目標潰敗後，所在的騎兵部曲移速提升%s，持續%s秒
550198	所在部曲的防禦提升%s（受武力影響）；進入戰鬥後，所在的騎兵部曲移速提升%s
550200	自身主動技能成功施加[url={f=2,560072,300,false}][color=#e0b866]泥潭狀態[/color][/url]後，部曲防禦提升%s（受武力影響），持續%s秒；同時所有部曲武將的技能傷害提升%s（受武力影響），持續%s秒
550221	對%s碼範圍內最多%s支敵方部曲造成一次傷害（傷害係數%s，受智力影響），主目標部曲受到全額傷害，其他部曲受到%s傷害
550222	自身成功釋放主動技能後，%s機率治療士兵（治療係數為命中敵方部曲數量*%s，受智力影響）
550223	自身技能傷害提升%s
550225	[紅顏不妒]技能的範圍提升%s碼，最大命中部曲數量增加%s；所在部曲的防禦提升%s（受智力影響）
550226	對%s碼範圍內最多%s支敵方部曲造成一次傷害（傷害係數%s，受智力影響），主目標部曲受到全額傷害，其他部曲受到%s傷害，主目標部曲每上陣一個男性武將額外提升本次傷害%s
550227	若主目標部曲處於[url={f=2,560070,300,false}][color=#e0b866]燃燒狀態[/color][/url]，則[萬頃平波]技能的傷害係數提升%s
550228	所在部曲的防禦提升%s（受智力影響）
550230	自身成功釋放主動技能後，部曲智力最高武將的技能傷害額外提升%s（受智力和命中部曲數量影響），持續%s秒；所在部曲的防禦提升%s（受智力影響）
550231	孫權借濡須之威，席捲敵軍，對%s碼範圍內最多%s個敵方部曲造成一次傷害（傷害係數%s，受智力影響）主目標部曲受到全額傷害，其他部曲受到%s傷害，每命中一個敵方部曲則我方部曲其他武將的技能傷害提升%s（受智力影響），持續%s秒
550232	[濡須抗敵]技能的主目標部曲傷害係數額外提升%s（受智力影響）
550233	自身成功釋放主動技能後，%s機率對命中的所有敵方部曲施加[url={f=2,560075,300,false}][color=#e0b866]易傷狀態[/color][/url]，受到所有傷害額外提升%s，持續%s秒；所在部曲的防禦提升%s（受智力影響）
550235	孫權江東之主，日月同輝，光照四方，自身技能傷害提升%s（受智力影響）；所在遠程部曲的射程增加%s碼；所在部曲的防禦提升%s（受智力影響）
550236	對敵方部曲造成一次直接傷害 (傷害係數%s，受智力影響)
550237	自身成功釋放普攻後，%s機率使部曲武力最高武將的普攻傷害提升%s，持續%s秒
550238	所在部曲的防禦提升%s（受智力影響）
550240	進入戰鬥後，所在部曲的防禦提升%s（受智力影響），同時使隨機一名武將追擊（可額外普攻一次）機率提升%s（受智力影響）
550241	對敵方部曲造成一次直接傷害 (傷害係數%s，受統率影響），若率領的是近戰部曲則有%s機率對主目標部曲施加[url={f=2,560072,300,false}][color=#e0b866]泥潭狀態[/color][/url]，移速降低%s，持續%s秒
550242	自身成功釋放普攻後，%s機率使部曲所有武將的普攻傷害提升%s，持續%s秒
550243	部曲兵力低於%s時，部曲防禦提升%s（受統率影響）
550245	部曲所有武將的追擊機率提升%s（受統率影響）；所在部曲的防禦提升%s（受統率影響）
550246	對敵方部曲造成一次直接傷害 (傷害係數%s，受統率影響)，並根據自身統率提升自身普攻係數（每%s統率提升%s），持續%s秒
550247	部曲受到普攻後，%s機率獲得[url={f=2,560073,300,false}][color=#e0b866]不屈狀態[/color][/url]，部曲防禦力提升%s（受統率影響），持續%s秒
550248	受到處於[url={f=2,560072,300,false}][color=#e0b866]泥潭狀態[/color][/url]部曲的傷害時，部曲防禦力提升%s（受統率影響）
550250	[興王定霸]技能獲得[url={f=2,560073,300,false}][color=#e0b866]不屈狀態[/color][/url]機率提升%s（受統率影響），且受到不同部曲普攻時最多可疊加%s層（第2層開始衰減%s）；每層[url={f=2,560073,300,false}][color=#e0b866]不屈狀態[/color][/url]可額外提升自身普攻傷害%s（受統率影響）
550251	對敵方部曲造成一次直接傷害 (傷害係數%s，受智力影響)
550252	在聯盟烽火臺範圍內，自身主動技能傷害係數提升%s
550253	所在部曲的防禦提升%s（受智力影響）
550255	在聯盟烽火臺範圍內發生戰鬥時，部曲防禦提升%s（受智力影響）且自身普攻傷害提升%s（受智力影響）
550256	對敵方部曲造成一次直接傷害 (傷害係數%s，受統率影響)，%s機率額外造成一次傷害（傷害係數%s）
550257	部曲免疫所有武將技能減速效果；所在部曲的防禦提升%s
550258	部曲受到普攻後，%s機率獲得[url={f=2,560073,300,false}][color=#e0b866]不屈狀態[/color][/url]，部曲防禦力提升%s（受統率影響），持續%s秒
550260	自身成功釋放主動技能後，%s機率使部曲所有武將的技能傷害提升%s（受統率影響），同時部曲防禦提升%s（受統率影響），持續%s秒
550261	對%s碼範圍內最多%s支敵方部曲造成一次傷害（傷害係數%s，受武力影響），主目標部曲受到全額傷害，其他部曲受到%s傷害
550262	受到普攻時，部曲防禦提升%s（受武力影響），持續%s秒，不可疊加
550263	主動技能成功釋放後，%s機率額外對主目標部曲再造成一次直接傷害（傷害係數%s）；若主目標部曲潰敗，則所在的騎兵部曲移速提升%s，持續%s秒
550265	進入戰鬥後，所在的騎兵部曲移速提升%s，自身普攻傷害提升%s（受武力影響），部曲防禦提升%s（受武力影響）
550271	對敵方部曲造成一次直接傷害 (傷害係數%s，受武力影響)
550272	所在部曲的防禦提升%s（受武力影響），位於樹林內發生戰鬥時，額外提升%s
550273	自身普攻傷害提升%s
550275	受到普攻時，部曲防禦提升%s（受武力影響），持續%s秒，不可疊加；自身成功釋放主動技能後，有%s機率額外造成一次傷害（傷害係數%s，受武力影響)
550276	對敵方部曲造成一次直接傷害 (傷害係數%s，受統率影響)
550277	所在的騎兵部曲移速提升%s
550278	所在部曲的防禦提升%s（受統率影響）
550280	自身成功釋放主動技能後，有%s機率額外再造成一次傷害 (傷害係數%s，受統率影響)；所在部曲的防禦提升%s（受統率影響）
550281	對%s碼範圍內最多%s支敵方部曲造成一次傷害（傷害係數%s，受武力影響），主目標部曲受到全額傷害，其他部曲受到%s傷害
550282	所在部曲的防禦提升%s（受武力影響）
550283	自身普攻傷害提升%s
550285	自身成功釋放主動技能後，有%s機率額外再造成一次傷害 (傷害係數%s，受武力影響)；所在部曲的防禦提升%s（受武力影響）
550291	對敵方部曲造成一次直接傷害 (傷害係數%s，受智力影響)
550292	自身主動技能傷害係數提升%s（受智力影響）
550293	所在部曲的的防禦提升%s（受智力影響）
550295	自身普攻傷害提升%s（受智力影響）；受到普攻後，部曲防禦提升%s（受智力影響），持續%s秒，不可疊加
550296	對敵方部曲造成一次直接傷害（傷害係數%s，受智力影響）
550297	所在部曲的防禦提升%s（受智力影響）
550298	自身普攻傷害提升%s
550300	自身技能傷害提升%s（受智力影響）；所在部曲的防禦提升%s（受智力影響）
550313	所在部曲的防禦提升%s（受武力影響）
550322	自身成功釋放主動技能後，%s機率對敵方部曲施加[url={f=2,560075,300,false}][color=#e0b866]易傷狀態[/color][/url]，受到所有傷害額外提升%s，持續%s秒
550331	對敵方部曲造成一次直接傷害 (傷害係數%s，受智力影響)
550332	所在部曲的防禦提升%s（受智力影響）
550333	部曲武力最高武將的技能傷害提升%s
550335	自身成功釋放主動技能後，有%s機率額外再造成一次傷害 (傷害係數%s，受智力影響)；所在部曲的防禦提升%s（受智力影響）
550336	對敵方部曲造成一次直接傷害 (傷害係數%s，受武力影響)
550337	自身主動技能傷害係數提升%s（受武力影響）
550338	所在部曲的防禦提升%s（受武力影響）
550340	受到普攻時，部曲防禦提升%s（受武力影響）和自身普攻傷害提升%s（受武力影響），持續%s秒，不可疊加
550341	對敵方部曲造成一次直接傷害 (傷害係數%s，受武力影響)，%s機率提升自身普攻係數%s，持續%s秒
550342	自身成功釋放普攻後，%s機率提升部曲防禦%s，持續%s秒
550343	部曲兵力低於%s時，部曲防禦力提升%s（受武力影響）
550345	自身成功釋放普攻後，若率領的是近戰部曲則有%s機率對主目標部曲施加[url={f=2,560072,300,false}][color=#e0b866]泥潭狀態[/color][/url]，移速降低%s（受武力影響），持續%s秒；受到處於[url={f=2,560072,300,false}][color=#e0b866]泥潭狀態[/color][/url]部曲普攻時，%s機率提升部曲防禦%s（受武力影響），持續%s秒
550346	對%s碼範圍內最多%s支敵方部曲造成一次傷害（傷害係數%s，受武力影響），主目標部曲受到全額傷害，其他部曲受到%s傷害
550347	在聯盟烽火臺範圍外發生戰鬥時，自身主動技能傷害係數提升%s
550348	在樹林內發生戰鬥時，部曲防禦提升%s（受武力影響）
550350	在聯盟烽火臺範圍外發生戰鬥時，部曲防禦提升%s（受武力影響）且自身普攻傷害提升%s（受武力影響）
550351	對%s碼範圍內最多%s支敵方部曲造成一次傷害（傷害係數%s，受武力影響），主目標部曲受到全額傷害，其他部曲受到%s傷害
550352	自身普攻附帶濺射效果，可對%s碼範圍內最多%s個敵方部曲造成濺射傷害（傷害係數%s）
550353	所在部曲的防禦提升%s（受武力影響）
550355	受到普攻時，部曲防禦提升%s（受武力影響）和自身技能傷害提升%s（受武力影響），持續%s秒，不可疊加
550356	對敵方部曲造成一次直接傷害 (傷害係數%s，受統率影響)
550357	自身主動技能傷害係數提升%s
550358	所在部曲的防禦提升%s（受統率影響）
550360	受到普攻時，部曲防禦提升%s（受統率影響），持續%s秒，不可疊加；自身技能傷害提升%s（受統率影響）
550361	對敵方部曲造成一次直接傷害 (傷害係數%s，受智力影響)
550362	自身普攻傷害提升%s
550363	所在部曲的防禦提升%s（受智力影響）
550365	本部曲所有武將的普攻傷害提升%s（受智力影響）；所在部曲的防禦提升%s（受智力影響）
550366	對%s碼範圍內最多%s支敵方部曲造成一次傷害（傷害係數%s，受智力影響），主目標部曲受到全額傷害，其他部曲受到%s傷害
550367	自身主動技能傷害提升%s
550368	所在部曲的防禦提升%s（受智力影響）
550370	自身普攻傷害提升%s（受智力影響）；受到普攻時，部曲防禦提升%s（受智力影響），持續%s秒，不可疊加
550371	對敵方部曲造成一次直接傷害 (傷害係數%s，受智力影響)
550372	自身普攻附帶濺射效果，可對%s碼範圍內最多%s個敵方部曲造成濺射傷害（傷害係數%s）
550373	所在部曲的防禦提升%s（受智力影響）
550375	[異才奇士]技能的範圍提升%s碼（受智力影響）；所在部曲的的防禦提升%s（受智力影響）
550376	對%s碼範圍內最多%s支敵方部曲造成一次傷害（傷害係數%s，受武力影響），主目標部曲受到全額傷害，其他部曲受到%s傷害；同時獲得%s倒戈（根據對主目標造成的傷害回復部分兵力）
550377	根據主動技能的命中數量提升部曲防禦，每命中一個敵方部曲提升%s（受武力影響），持續%s秒
550378	部曲武力最高武將的技能傷害提升%s；若主目標部曲是野怪，則部曲防禦額外提升%s
550380	[折衝外禦]技能的倒戈係數提升%s；所在部曲的防禦提升%s（受武力影響）；自身技能傷害提升%s（受武力影響）
550381	對敵方部曲造成一次直接傷害 (傷害係數%s，受武力影響)
550382	部曲所有武將普攻傷害提升%s
550383	所在部曲的防禦提升%s（受武力影響）
550385	自身成功釋放普攻後，%s（受武力影響）機率觸發追擊，額外普攻一次；成功釋放普攻後，%s機率使部曲防禦提升%s（受武力影響），持續%s秒
550386	對敵方部曲造成一次直接傷害 (傷害係數%s，受武力影響）
550387	所在部曲的防禦提升%s（受武力影響），在聯盟烽火臺範圍內戰鬥時，部曲防禦額外提升%s
550388	自身主動技能傷害係數提升%s（受武力影響）
550390	進入戰鬥後，部曲獲得[url={f=2,560074,300,false}][color=#e0b866]堅毅狀態[/color][/url]：部曲防禦提升%s（受武力影響），持續%s秒，冷卻時間%s秒。自身普攻傷害提升%s（受武力影響）
550391	對敵方部曲造成一次直接傷害 (傷害係數%s，受智力影響）
550392	所在部曲的防禦提升%s（受智力影響），若部曲處於[url={f=2,560069,300,false}][color=#e0b866]黃天狀態[/color][/url]，部曲防禦額外提升%s
550393	受到普攻時，所在的盾兵部曲移速提升%s，持續%s秒，不可疊加
550395	所在部曲的防禦提升%s（受智力影響），受到遠端部曲傷害時部曲防禦額外提升%s；自身成功釋放主動技能後，%s機率再造成一次傷害（傷害係數%s，受智力影響）
550396	對敵方部曲造成一次直接傷害 (傷害係數%s，受武力影響），%s機率額外造成一次直接傷害（傷害係數%s）
550397	所在部曲的防禦提升%s（受武力影響）
550398	若部曲處於[url={f=2,560074,300,false}][color=#e0b866]堅毅狀態[/color][/url]，則自身主動技能傷害係數提升%s；若部曲在聯盟烽火臺範圍內戰鬥時，則自身主動技能係數額外提升%s
550400	所在部曲的防禦提升%s（受武力影響）；自身普攻傷害提升%s（受武力影響）；受到遠程部曲普攻傷害時，%s機率造成一次反擊傷害（傷害係數%s，每秒最多可觸發%s次反擊）
550401	對敵方部曲造成一次直接傷害 (傷害係數%s，受智力影響），%s機率造成多段傷害（傷害係數%s，最多%s段，每段機率獨立判斷）
550402	部曲智力最高武將的技能傷害提升%s（受智力影響）
550403	所在部曲的防禦提升%s（受智力影響）
550405	[智破千機]技能的多段傷害機率提升%s（受智力影響）；自身成功釋放普攻後，部曲防禦提升%s（受智力影響），持續%s秒
550406	對敵方部曲造成一次直接傷害 (傷害係數%s，受智力影響）
550407	所在部曲的防禦提升%s（受智力影響）
550408	自身成功釋放主動技能後，若主目標部曲處於[url={f=2,560075,300,false}][color=#e0b866]易傷狀態[/color][/url]，則%s機率對其造成多段傷害（傷害係數%s，最多%s段，每段機率獨立判斷）
550410	[勇過賁育]技能的多段傷害機率提升%s（受智力影響）；所在部曲的防禦提升%s（受智力影響）
550411	對%s碼範圍內最多%s支敵方部曲造成一次傷害（傷害係數%s，受智力影響），主目標部曲受到全額傷害，其他部曲受到%s傷害；同時%s機率對主目標部曲施加[url={f=2,560070,300,false}][color=#e0b866]燃燒狀態[/color][/url]，每秒受到一次傷害（傷害係數%s），持續%s秒
550412	所在部曲的防禦提升%s（受智力影響）
550413	自身成功釋放普攻後，%s機率對處於[url={f=2,560070,300,false}][color=#e0b866]燃燒狀態[/color][/url]的主目標部曲施加[url={f=2,560075,300,false}][color=#e0b866]易傷狀態[/color][/url]，受到的所有傷害提升%s，持續%s秒
550415	[臨事不苟]技能的易傷機率提升%s（受智力影響）；若受到近戰部曲普攻傷害時，部曲防禦提升%s（受智力影響）
550416	對敵方部曲造成一次直接傷害 (傷害係數%s，受武力影響)
550417	主目標潰敗後，所在的騎兵部曲移速提升%s，持續%s秒
550418	所在部曲的防禦提升%s（受武力影響）
550420	進入戰鬥後，若所在部曲移速高於主目標部曲，則每%s點移速差提升自身普攻傷害%s（受武力影響）和部曲防禦%s（受武力影響），持續%s秒，冷卻時間%s秒
550421	小喬輕搖團扇，美人熾熱之心足以橫掃千軍。對%s碼範圍內最多%s支敵方部曲造成一次傷害（傷害係數%s，受智力影響），主目標部曲受到全額傷害，其他部曲受到%s傷害。若命中的主目標部曲處於[url={f=2,560070,300,false}][color=#e0b866]燃燒狀態[/color][/url]，則自身所在部曲的防禦提升%s，持續%s秒
550422	自身主動技能傷害係數提升%s，在樹林內發生戰鬥時，額外提升%s
550423	所在部曲的防禦提升%s(受智力影響)，在樹林內發生戰鬥時，額外提升%s
550425	小喬進入戰鬥後，每參與擊潰一個敵方部曲時，自身技能傷害提升%s（受智力影響）和部曲防禦提升%s（受智力影響），最多疊加%s次
550426	對%s碼圓形範圍內最多%s支敵方部曲造成一次傷害（傷害係數%s，受武力影響），主目標部曲受到全額傷害，其他部曲受到%s傷害
550427	部曲武力最高武將的技能傷害提升%s
550428	根據主動技能的命中數量提升部曲防禦，每命中一個敵方部曲提升%s（受武力影響），持續%s秒
550430	部曲武力最高武將的技能傷害提升%s（受武力影響）；所在部曲的防禦提升%s（受武力影響）
550431	陳宮施用謀斷之策，對%s碼範圍內最多%s支敵方部曲造成一次傷害（傷害係數%s，受智力影響，主目標部曲受到全額傷害，其他部曲受到%s傷害，根據命中數量治療部分士兵（治療係數為命中部曲數*%s），同時使部曲武力最高武將的技能傷害提高%s，持續%s秒
550432	陳宮性情剛直，謀定而後動。根據主動技能的命中數量提升部曲防禦，每命中一個敵方部曲則我方部曲防禦提升%s（受智力影響），持續%s秒
550433	所在部曲有%s機率（受部曲最高武力與主目標部曲最低武力差值影響）免疫嘲諷狀態
550435	陳宮於陣前洞悉敵陣破綻，所在部曲武力最高的武將造成主動技能傷害時獲得%s破甲效果（無視主目標部分防禦，受智力影響，額外受部曲主將武力影響）；所在的部曲防禦提升%s（受智力影響）
550436	姜維以剛猛武勇破敵身，以深遠奇謀挫敵計，對敵方部曲造成一次直接傷害 (傷害係數%s，受武力和智力影響)，對主目標部曲主將進行1次討伐（自身武力或智力高於主目標部曲主將則討伐成功）：若自身武力更高，額外造成一次傷害（傷害係數%s），若自身智力更高，額外造成一次傷害（傷害係數%s），兩次額外傷害獨立判讀
550437	所在部曲的防禦提升%s（受武力和智力），每成功討伐%s次，自身所造成的技能傷害附帶%s的重傷效果（被重傷的士兵無法再被戰中治療回復），可疊加%s層，持續整場戰鬥
550438	所在部曲所有武將成功釋放一次主動技能，可使部曲移速提升%s，持續%s秒，可疊加
550440	聚三軍之能，越戰而鋒芒越盛。若自身智力不是部曲最高時，可獲得部曲智力最高武將的%s智力（最多%s點）；部曲所有武將每成功釋放一次主動技能，自身與智力最高的友方武將技能傷害提升%s（受武力和智力影響，若目標是野怪有額外加成）且部曲防禦提升%s（受武力和智力影響），可疊加%s次，持續整場戰鬥
550441	張春華以過人心智洞悉敵陣破綻，行狠絕之策斷敵生路。對敵方部曲造成一次直接傷害 (傷害係數%s，受智力影響）， 同時施加[url={f=2,560099,300,false}][color=#e0b866]絕情狀態[/color][/url]，使主目標部曲受到傷害提升%s且受到的治療效果降低%s，持續%s秒
550442	所在部曲主將每造成一次技能傷害，有%s機率對主目標部曲施加任意一種負面狀態（[url={f=2,560100,300,false}][color=#e0b866]奪志[/color][/url]、[url={f=2,560101,300,false}][color=#e0b866]挫鋒[/color][/url]、[url={f=2,560102,300,false}][color=#e0b866]易傷[/color][/url]、[url={f=2,560103,300,false}][color=#e0b866]虛弱[/color][/url]、[url={f=2,560104,300,false}][color=#e0b866]斷糧[/color][/url]、[url={f=2,560105,300,false}][color=#e0b866]泥潭[/color][/url]），持續%s秒，每秒最多觸發%s次
550443	一策既出，先挫敵鋒，再絕其後路。所在部曲防禦提升%s（受智力影響），所在部曲主將每造成一次技能傷害，額外提升%s，可疊加%s次，持續整場戰鬥
550445	所在部曲主將對處於絕情狀態部曲造成的技能傷害額外提升%s（受智力影響）；所在部曲防禦提升%s（受智力影響），若部曲兵力低於%s，額外提升%s。攜帶弓兵部曲時，可選擇另一個己方的弓兵部曲進行[url={f=2,560106,300,false}][color=#e0b866]列陣狀態[/color][/url]，張春華部曲的兵種基礎屬性（攻擊、防禦、生命、移速和射程）跟隨被列陣的部曲，列陣期間張春華部曲獲得[url={f=2,560078,300,false}][color=#e0b866]虛弱狀態[/color][/url]，造成所有傷害降低%s
550446	大喬蕙質蘭心，令將士們心神安定，愈戰愈勇。對主目標部曲造成一次傷害（傷害係數%s，受智力影響），提升自身和主將%s追擊機率，持續%s秒，同時提升部曲防禦%s（受智力影響），持續%s秒
550447	若主目標處於泥潭狀態，自身的普攻傷害額外提升%s。無主目標時，部曲防禦額外提升%s
550448	大喬名動天下，敵軍聞之戰意頓消。率領近戰部曲時自身成功釋放普攻後%s機率對%s範圍內最多%s敵方部曲施加[url={f=2,560107,300,false}][color=#e0b866]牽引狀態[/color][/url]，施加成功後且對方主將是男性武將，使該部曲對自身部曲造成的所有傷害降低%s，持續%s秒
550450	[url={f=2,560107,300,false}][color=#e0b866]牽引狀態[/color][/url]機率提升%s，每成功施加一次，部曲防禦提升%s（受智力影響），若自身部曲處於江東戰旗範圍內，防禦額外提升%s，可疊加%s次。成功牽引後有%s機率治療部分士兵（治療係數%s），每秒最多觸發%s次。自身和主將的普攻傷害提升%s（受智力影響）
550451	馬雲祿承西涼將門之烈，一槍既出，鋒芒所指，對主目標部曲造成一次傷害（傷害係數%s），同時使隨機兩名武將獲得普攻倒戈效果（倒戈係數%s），持續%s秒
550452	所有武將成功釋放普攻一次，所在部曲防禦提升%s（受武力影響），可疊加%s次。自身成功釋放普攻後，%s機率對主目標部曲施加[url={f=2,560088,300,false}][color=#e0b866]斷糧狀態[/color][/url]，部曲治療效果降低%s，部曲持續%s秒
550453	馬雲祿身為將門虎女，能獨領一軍陷陣，亦能舍巾幗之姿全力輔佐他人。自身為主將時，追擊機率提升%s（受武力影響），自身為副將時，主將普攻傷害提升%s（受武力影響）
550455	部曲所有武將的追擊概率提升%s（受武力影響）。部曲防禦提升%s（受武力影響），部曲兵力高於%s時，部曲防禦額外提升%s；在大地圖戰鬥時，部曲所有武將累計普攻%s次可使自身及%s碼範圍內己方操控的%s支騎兵部曲（包括委託部曲）獲得%s秒[url={f=2,560110,300,false}][color=#e0b866]驍魂效果[/color][/url]：潰敗後可繼續操控部曲，期間提升%s部曲移速，%s秒後原地消耗各自兵符或預備兵復活（馬雲祿自身部曲消耗的兵符或預備兵額外降低%s；若兵符或預備兵不足，或執行撤退指令，則立刻清除該效果並潰敗回城），該效果冷卻時間%s秒
550456	周泰挺刃突陣破敵，以血肉之軀守護麾下友軍。對主目標造成一次傷害（傷害係數%s），同時自身進入護衛狀態：在自身周圍%s碼範圍內%s個友方盾兵部曲受到%s傷害會轉移到自身部曲，持續%s秒
550457	每受到一次普攻傷害後，部曲防禦額外提升%s（受統率影響）和主將的普攻傷害提升%s（受統率影響），可疊加%s次
550458	自身成功釋放普攻後，若率領的是近戰部曲則有%s概率對主目標部曲施加泥潭效果，移速降低%s，持續%s秒
550460	部曲全體武將的追擊概率提升%s（受統率影響）。護衛狀態期間，自身部曲防禦提升%s（受統率影響）。部曲兵力低於%s時，立即進入護衛狀態且持續至本場戰鬥結束，同時轉移傷害比例額外提升%s。如同周泰當年濡須塢身中數十創仍死戰護主，越是身陷絕境、兵力衰微，周泰護持袍澤的意志越是頑強
550461	對敵方部曲造成一次傷害（傷害係數%s，受武力影響），同時有%s機率對其施加畏威狀態，部曲隨機1~2名武將釋放主動技能時必定失敗，持續%s秒
550462	若主目標是遠端部曲，成功釋放主動技能後額外再造成一次傷害（傷害係數%s）
550463	所率領的部曲防禦提升%s（受武力影響），若自身部曲移速高於敵方，每10點移速額外提升%s部曲防禦
550465	張遼對主目標造成的技能傷害附帶%s破甲效果（受武力影響），每滿足以下任一個條件可額外提升%s破甲效果：1.當前自身兵力低於主目標；2.自身部曲移速高於主目標；3.主目標處於畏威狀態。所率領的部曲防禦提升%s（受武力影響），每參與擊潰一個處於畏威狀態的部曲，額外提升%s部曲防禦，可疊加%s次
550466	對主目標部曲造成一次傷害（傷害係數%s，受武力和智力影響），若目標兵力低於%s，本次傷害係數額外提升%s
550467	所率領的弓兵部曲增傷%s，自身成功釋放普攻後，%s機率對主目標施加斷糧狀態，部曲治療效果降低%s，持續%s秒
550468	所率領的部曲防禦提升%s（受武力和智力影響），若所在部曲處於高處，部曲防禦額外提升%s
550470	袁紹釋放的主動技能額外附帶%s目標已損兵力傷害，造成的技能傷害每參與擊殺一個敵方部曲可疊加一層名望：技能暴擊機率%s，暴擊傷害率%s（受武力和智力影響），部曲防禦提升%s（受武力和智力影響），每場戰鬥可疊加%s層
89024	自身技能傷害提升[color=#e0b866]%s[/color]（受智力影響）；所在部曲的防禦提升[color=#e0b866]%s[/color]（受智力影響）；[移商換羽]的治療效果額外提升[color=#e0b866]%s[/color]
89023	若主目標是遠端部曲，則自身追擊機率提升[color=#e0b866]%s[/color]；自身技能傷害提升[color=#e0b866]%s[/color]（受武力影響）；所在部曲的防禦提升[color=#e0b866]%s[/color]（受武力影響）。
89022	[斗轉參橫]技能的護盾係數提升[color=#e0b866]%s[/color]；受到普攻傷害時，部曲防禦提升[color=#e0b866]%s[/color]（受智力影響），持續[color=#e0b866]%s[/color]秒，同時[color=#e0b866]%s[/color]機率造成一次反擊傷害（傷害係數[color=#e0b866]%s[/color]，受智力影響，每秒最多觸發[color=#e0b866]%s[/color]次反擊）
89019	所在部曲兵力高於[color=#e0b866]%s[/color]時，部曲防禦提升[color=#e0b866]%s[/color]（受武力影響）。部曲所有武將成功釋放普攻或追擊後，固守效果反彈傷害額外提升[color=#e0b866]%s[/color]（受武力影響），可疊加[color=#e0b866]%s[/color]次。
89017	所在部曲的防禦提升[color=#e0b866]%s[/color]（受統率影響）；自身普攻傷害提升[color=#e0b866]%s[/color]（受統率影響）
89016	受到遠程部曲普攻傷害時立即反擊（傷害係數[color=#e0b866]%s[/color]，受武力影響，每秒最多觸發[color=#e0b866]%s[/color]次反擊），同時[color=#e0b866]%s[/color]機率提升部曲防禦[color=#e0b866]%s[/color]（受武力影響），持續[color=#e0b866]%s[/color]秒
89014	裸衣血戰的持續時間增加%s秒，期間自身釋放主動技能時[color=#e0b866]%s[/color]機率觸發技能傷害暴擊（暴擊傷害率為[color=#e0b866]%s[/color]，受武力影響）。若主目標是遠程部曲，暴擊傷害率額外提升[color=#e0b866]%s[/color]。所率領部曲的防禦提升[color=#e0b866]%s[/color]（受武力影響）。參與擊潰一個部曲時，所在部曲立即回復%s兵力（最多觸發[color=#e0b866]%s[/color]次），所在部曲防禦提升[color=#e0b866]%s[/color]（最多疊加%s層），酣戰之中鋒芒畢露，每克一敵守禦愈固
89013	千軍壓境不足懼，愈戰愈堅。受到不同部曲普攻時，[短歌行]技能的梟雄層數可疊加，最多疊加[color=#e0b866]%s[/color]層（第2層開始衰減[color=#e0b866]%s[/color]，受統率影響）；另外，自身技能傷害提升[color=#e0b866]%s[/color]（受統率影響）
89012	火光乍現，應許燎原，部曲兵力高於[color=#e0b866]%s[/color]時，自身技能傷害提升[color=#e0b866]%s[/color]（受智力影響）；[江水烈焰]技能命中的敵方部曲[url={f=2,560070,300,false}][color=#e0b866]燃燒狀態[/color][/url]有[color=#e0b866]%s[/color]機率蔓延，每個敵方部曲最多蔓延一次（處於[url={f=2,560070,300,false}][color=#e0b866]燃燒狀態[/color][/url]的部曲也可被蔓延）；每回合提升部曲防禦，提升值為燃燒部曲數量*[color=#e0b866]%s[/color]（受智力影響）
89011	自身成功釋放主動技能後，所在部曲所有武將的技能傷害提升[color=#e0b866]%s[/color]（受智力影響），持續[color=#e0b866]%s[/color]秒；同時所在部曲的防禦提升[color=#e0b866]%s[/color]（受智力影響），持續[color=#e0b866]%s[/color]秒
89010	部曲兵力高於[color=#e0b866]%s[/color]時，自身普攻傷害提升[color=#e0b866]%s[/color]（受武力影響），部曲防禦提升[color=#e0b866]%s[/color]（受武力影響）
89009	[單刀赴會]技能的圓形範圍額外提升[color=#e0b866]%s[/color]，命中部曲上限增加[color=#e0b866]%s[/color]；自身成功釋放主動技能後，挑選主目標部曲一名武力最低武將單挑，若自身武力大於敵方武將，則每點武力差值提升[color=#e0b866]%s[/color]（受武力影響）自身技能傷害，每點武力差值提升[color=#e0b866]%s[/color]（受武力影響）部曲防禦，持續[color=#e0b866]%s[/color]秒
89008	根據主動技能的命中數量提升部曲防禦，每命中一個敵方部曲提升[color=#e0b866]%s[/color]（受武力影響）部曲防禦和自身技能傷害提升[color=#e0b866]%s[/color]（受武力影響），持續[color=#e0b866]%s[/color]秒
89007	自身主動技能傷害提升[color=#e0b866]%s[/color]（受統率影響）；所在部曲的防禦提升[color=#e0b866]%s[/color]（受統率影響）；自身成功釋放普攻後，有[color=#e0b866]%s[/color]機率清除兩種負面狀態
89006	[破敵刃心]技能召喚戰鷹的冰凍附帶傷害額外提升[color=#e0b866]%s[/color]（受智力影響）；自身成功釋放主動技能後，部曲防禦提升[color=#e0b866]%s[/color]（受智力影響），持續[color=#e0b866]%s[/color]秒
89005	部曲兵力高於[color=#e0b866]%s[/color]時，自身技能傷害提升[color=#e0b866]%s[/color]（受智力影響），部曲防禦提升[color=#e0b866]%s[/color]（受智力影響）
89004	隱忍狀態下，每秒[color=#e0b866]%s[/color]機率（受智力影響）額外對主目標部曲造成[color=#e0b866]%s[/color]次隱忍傷害（每次隱忍傷害觸發機率獨立判斷）；隱忍狀態下，每造成一次隱忍傷害後提升部曲防禦[color=#e0b866]%s[/color]（受智力影響），可疊加[color=#e0b866]%s[/color]層，持續整場戰鬥
89003	諸葛亮智清乾坤，釋放主動技能前，天機流轉禁忌退散，[color=#e0b866]%s[/color]機率清除一種負面狀態；[步罡踏鬥]技能的智力差效果額外提升[color=#e0b866]%s[/color]（受智力影響）；自身成功釋放主動技能後，部曲防禦根據智力差額外提升（每點智力差提升[color=#e0b866]%s[/color]，受智力影響），持續[color=#e0b866]%s[/color]秒
89002	進入戰鬥後，每秒提升自身技能傷害[color=#e0b866]%s[/color]（受武力影響，上限為[color=#e0b866]%s[/color]）和部曲防禦[color=#e0b866]%s[/color]（受武力影響，上限為[color=#e0b866]%s[/color]）。率領騎兵部曲時，[轅門射戟]技能的非主目標部曲傷害係數額外提升%s
89001	趙雲縱馬持槍，如離弦之箭。[單騎救主]技能的追擊機率提升[color=#e0b866]%s[/color]（受武力影響），每次成功觸發追擊後，所在的近戰部曲移速提升[color=#e0b866]%s[/color]，持續[color=#e0b866]%s[/color]秒。受到普攻傷害時，部曲防禦提升[color=#e0b866]%s[/color]（受武力影響），持續[color=#e0b866]%s[/color]秒，不可疊加
89025	典韋於戰前蓄勢待發，先聲奪人。進入戰鬥後，若自身部曲移速高於敵方部曲，則每[color=#e0b866]%s[/color]點移速差提升自身技能傷害[color=#e0b866]%s[/color]（受武力影響）和提升部曲防禦[color=#e0b866]%s[/color]（受武力影響），持續[color=#e0b866]%s[/color]秒，[img]ui://HeroCamp/61025[/img]冷卻時間[color=#e0b866]%s[/color]秒
89028	[幻霧遁形]技能的幻化分身數量增加[color=#e0b866]%s[/color]個；自身釋放主動技能時，若主目標處於嘲諷狀態，則自身技能傷害額外提升[color=#e0b866]%s[/color]；所在部曲防禦提升%s（受智力影響）
89030	[天機讖語]技能[url={f=2,560096,300,false}][color=#e0b866]符癒狀態[/color][/url]的治療係數額外提升%s，所在部曲防禦提升[color=#e0b866]%s[/color]（受智力影響）；所在部曲每受到一次普攻傷害，自身技能傷害提升[color=#e0b866]%s[/color]（受智力影響），最多疊加[color=#e0b866]%s[/color]次，本場戰鬥永久生效
89032	部曲兵力高於[color=#e0b866]%s[/color]時，自身技能傷害提升[color=#e0b866]%s[/color]（受智力影響），部曲防禦提升[color=#e0b866]%s[/color]（受智力影響）；所在部曲潰敗時，對主目標部曲造成一次傷害（原始傷害為本次戰鬥期間自身累計造成的總技能傷害的[color=#e0b866]%s[/color]，最大值為[color=#e0b866]%s[/color]，不享受任何傷害加成）
89033	部曲兵力高於[color=#e0b866]%s[/color]時，自身技能傷害提升[color=#e0b866]%s[/color]（受智力影響），部曲防禦提升[color=#e0b866]%s[/color]（受智力影響）
89034	部曲兵力高於%s時，自身技能傷害提升[color=#e0b866]%s[/color]（受智力影響），部曲防禦提升[color=#e0b866]%s[/color]（受智力影響）；同時受到兩個或以上敵方部曲普攻時，[驚鴻宛轉]技能的治療效果提升[color=#e0b866]%s[/color]
89035	我方部曲全體武將每累計施加[color=#e0b866]%s[/color]層毒計時，下一秒對主目標及其[color=#e0b866]%s[/color]範圍內%s個敵方部曲造成一次技能傷害（傷害係數[color=#e0b866]%s[/color]，受智力影響，不額外疊加毒計）；同時在主目標周圍布下[color=#e0b866]%s[/color]碼的毒瘴領域：範圍內的敵方部曲（最多生效10個部曲）移速降低[color=#e0b866]%s[/color]、受到的技能傷害提升[color=#e0b866]%s[/color]（毒瘴效果不可疊加），持續[color=#e0b866]%s[/color]秒。毒瘴釋放冷卻[color=#e0b866]%s[/color]秒。所率部曲防禦提升[color=#e0b866]%s[/color]（受智力影響），毒計引爆每命中一個敵方部曲，額外提升部曲防禦[color=#e0b866]%s[/color]，至多疊加[color=#e0b866]%s[/color]次
89036	部曲兵力低於[color=#e0b866]%s[/color]時，自身技能傷害提升[color=#e0b866]%s[/color]（受統率影響），部曲防禦提升[color=#e0b866]%s[/color]（受統率影響）
89037	自身成功釋放普攻後，[color=#e0b866]%s[/color]機率對主目標部曲施加[url={f=2,560078,300,false}][color=#e0b866]虛弱狀態[/color][/url]，造成所有傷害降低[color=#e0b866]%s[/color]（受統率影響）,同時己方部曲防禦提升[color=#e0b866]%s[/color]（受統率影響），持續[color=#e0b866]%s[/color]秒
89039	部曲兵力高於[color=#e0b866]%s[/color]時，自身主動技能傷害提升[color=#e0b866]%s[/color]（受智力影響），部曲防禦提升[color=#e0b866]%s[/color]（受智力影響）
89040	[渡而擊之]的[url={f=2,560072,300,false}][color=#e0b866]泥潭狀態[/color][/url]施加機率提升[color=#e0b866]%s[/color]；自身的技能傷害提升[color=#e0b866]%s[/color]（受武力影響）；所在部曲的防禦提升[color=#e0b866]%s[/color]（受武力影響）
89045	部曲智力最高武將的技能傷害提升[color=#e0b866]%s[/color]（受智力影響）；所在部曲的防禦提升[color=#e0b866]%s[/color]（受智力影響）
89046	部曲兵力高於[color=#e0b866]%s[/color]時，自身技能傷害提升[color=#e0b866]%s[/color]（受智力影響），部曲防禦提升[color=#e0b866]%s[/color]（受智力影響）
89047	自身成功釋放主動技能後，每命中一個敵方部曲則我方部曲防禦提升[color=#e0b866]%s[/color]（受智力影響），持續[color=#e0b866]%s[/color]秒；我方部曲的智力最高武將的技能傷害提升[color=#e0b866]%s[/color]（受智力影響）
89049	[雄心四據]技能的普攻增傷觸發機率提升[color=#e0b866]%s[/color]（受統率影響）；所在部曲的防禦提升[color=#e0b866]%s[/color]（受統率影響）
89050	[興王定霸]的[url={f=2,560073,300,false}][color=#e0b866]不屈狀態[/color][/url]效果增加[color=#e0b866]%s[/color]（受統率影響）；自身普攻傷害提升[color=#e0b866]%s[/color]（受統率影響）
89052	受到不同部曲普攻時，[兄弟參商]技能的不屈層數可疊加，最多疊加[color=#e0b866]%s[/color]層（第2層開始衰減[color=#e0b866]%s[/color]，受統率影響）；同時受到兩個或以上部曲普攻傷害時，[color=#e0b866]%s[/color]機率造成反擊傷害（傷害係數[color=#e0b866]%s[/color]，受統率影響，每秒最多觸發[color=#e0b866]%s[/color]次反擊）
89053	部曲兵力低於[color=#e0b866]%s[/color]時，自身普攻傷害提升[color=#e0b866]%s[/color]（受武力影響），部曲防禦力提升[color=#e0b866]%s[/color]（受武力影響）；同時受到兩個或以上敵方部曲普攻時，自身普攻傷害額外提升[color=#e0b866]%s[/color]，部曲防禦力額外提升[color=#e0b866]%s[/color]
89059	部曲兵力高於[color=#e0b866]%s[/color]時，自身主動技能傷害提升[color=#e0b866]%s[/color]（受智力影響），部曲防禦提升[color=#e0b866]%s[/color]（受智力影響）
89065	自身受到普攻後，[color=#e0b866]%s[/color]機率造成反擊（傷害係數[color=#e0b866]%s[/color]，受武力影響，每秒最多觸發[color=#e0b866]%s[/color]次反擊），雙方部曲每[color=#e0b866]%s[/color]點移速差值額外提升反擊觸發[color=#e0b866]%s[/color]機率；成功造成反擊傷害後，部曲防禦提升[color=#e0b866]%s[/color]（受武力影響），持續[color=#e0b866]%s[/color]秒
89069	自身成功釋放主動技能後，有[color=#e0b866]%s[/color]機率額外再造成一次傷害 (傷害係數[color=#e0b866]%s[/color]，受武力影響)；所在部曲位於聯盟烽火臺範圍內戰鬥時，部曲防禦提升[color=#e0b866]%s[/color]（受武力影響）
89071	[鐵血戰魂]技能命中上限增加[color=#e0b866]%s[/color]；自身普攻傷害提升[color=#e0b866]%s[/color]（受武力影響）；所在部曲的防禦提升[color=#e0b866]%s[/color]（受武力影響）
89072	根據主動技能的命中數量提升部曲防禦，每命中一個敵方部曲提升[color=#e0b866]%s[/color]（受武力影響）部曲防禦和自身普攻傷害提升[color=#e0b866]%s[/color]（受武力影響），持續[color=#e0b866]%s[/color]秒
89073	自身成功釋放普攻後，若所在的是近戰部曲則有[color=#e0b866]%s[/color]機率對敵方部曲施加[url={f=2,560072,300,false}][color=#e0b866]泥潭狀態[/color][/url]，移速降低[color=#e0b866]%s[/color]，持續[color=#e0b866]%s[/color]秒。自身普攻傷害提升[color=#e0b866]%s[/color]（受武力影響）；所在部曲的防禦提升[color=#e0b866]%s[/color]（受武力影響）
89074	自身成功釋放普攻後，[color=#e0b866]%s[/color]機率使部曲防禦提升[color=#e0b866]%s[/color]（受智力影響），持續[color=#e0b866]%s[/color]秒；部曲智力最高武將的技能傷害提升[color=#e0b866]%s[/color]（受智力影響）
89075	部曲兵力高於[color=#e0b866]%s[/color]時，自身普攻傷害提升[color=#e0b866]%s[/color]（受武力影響），部曲防禦提升[color=#e0b866]%s[/color]（受武力影響）
89076	馬雲祿一騎當先，銀槍飛雪，巾幗不讓鬚眉。部曲所有武將的普攻傷害提升[color=#e0b866]%s[/color]（受武力影響），若主目標部曲為盾兵或騎兵部曲，自身和主將普攻附帶[color=#e0b866]%s[/color]破甲效果。所率領部曲防禦提升[color=#e0b866]%s[/color]（受武力影響），受到盾兵或騎兵部曲攻擊時，所在部曲防禦額外提升[color=#e0b866]%s[/color]。[url={f=2,560110,300,false}][color=#e0b866]驍魂效果[/color][/url]冷卻時間降低[color=#e0b866]%s[/color]秒，驍魂復活後馬雲祿部曲移速額外提升[color=#e0b866]%s[/color],所有武將普攻傷害額外提升[color=#e0b866]%s[/color]，持續[color=#e0b866]%s[/color]秒。自身騎兵部曲%s碼範圍內，若存在有移速高於自身的騎兵部曲（包括委託部曲），可[url={f=2,560111,300,false}][color=#e0b866]借勢[/color][/url]馭風之道獲得其%s[url={f=2,560112,300,false}][color=#e0b866]移速差[/color][/url]提升
89077	受到普攻時，部曲防禦提升[color=#e0b866]%s[/color]（受武力影響），持續[color=#e0b866]%s[/color]秒，不可疊加；自身成功釋放主動技能後，[color=#e0b866]%s[/color]機率再造成一次傷害（傷害係數[color=#e0b866]%s[/color]，受武力影響）
89078	所在部曲的防禦提升[color=#e0b866]%s[/color]（受智力影響）；部曲兵力低於[color=#e0b866]%s[/color]時，受到普攻時[color=#e0b866]%s[/color]機率治療部分士兵（治療係數[color=#e0b866]%s[/color]），每秒最多觸發[color=#e0b866]%s[/color]次；自身技能傷害提升[color=#e0b866]%s[/color]（受智力影響）
89079	所在部曲的防禦提升[color=#e0b866]%s[/color]（受武力影響）；自身技能傷害提升[color=#e0b866]%s[/color]（受武力影響）；受到遠程部曲普攻傷害時，反擊機率提升[color=#e0b866]%s[/color]
89080	部曲兵力高於[color=#e0b866]%s[/color]時，自身技能傷害提升[color=#e0b866]%s[/color]（受智力影響），部曲防禦提升[color=#e0b866]%s[/color]（受智力影響）
89081	部曲兵力高於[color=#e0b866]%s[/color]時，自身技能傷害提升[color=#e0b866]%s[/color]（受智力影響），部曲防禦提升[color=#e0b866]%s[/color]（受智力影響）
89082	部曲智力最高武將的技能傷害提升[color=#e0b866]%s[/color]（受智力影響）；所在部曲的防禦提升[color=#e0b866]%s[/color]（受智力影響）
89083	部曲兵力高於[color=#e0b866]%s[/color]時，自身技能傷害提升[color=#e0b866]%s[/color]（受武力影響），部曲防禦提升[color=#e0b866]%s[/color]（受武力影響）
89084	所在部曲的主將技能傷害提升[color=#e0b866]%s[/color]（受智力影響）；所在部曲每擊潰一個部曲，部曲防禦提升[color=#e0b866]%s[/color]（受智力影響），可疊加%s次，本場戰鬥永久生效
89085	主動技能的討伐次數額外增加[color=#e0b866]%s[/color]次，每成功討伐一次，自身技能傷害提升[color=#e0b866]%s[/color]（受武力和智力影響），可疊加[color=#e0b866]%s[/color]次；每成功討伐一次，部曲防禦額外提升[color=#e0b866]%s[/color]（受武力和智力影響），可疊加[color=#e0b866]%s[/color]次
89086	[晦月掩輝]技能每成功施加一種負面狀態，所在部曲主將的技能傷害提升[color=#e0b866]%s[/color]（受智力影響）和所在部曲防禦提升[color=#e0b866]%s[/color]（受智力影響），可疊加[color=#e0b866]%s[/color]次，持續整場戰鬥
89087	所在部曲防禦提升[color=#e0b866]%s[/color]（受智力影響），所在部曲受到的燃燒傷害降低[color=#e0b866]%s[/color]（受智力影響）。所在部曲的全部武將的普攻傷害提升[color=#e0b866]%s[/color]（受智力影響）
89089	護衛狀態期間，每承受一次轉移傷害，自身獲得一個傷痕標記：部曲每受到大於最大兵力[color=#e0b866]%s[/color]傷害時，[color=#e0b866]%s[/color]概率消耗一個標記免疫本次傷害，每場戰鬥最多觸發[color=#e0b866]%s[/color]次，脫戰後清除所有累計傷痕標記。若傷痕標記免疫成功，則下一秒對傷害來源的部曲造成一次[color=#e0b866]%s[/color]兵力(受統率影響)傷害。部曲兵力高於[color=#e0b866]%s[/color]時，部曲防禦提升[color=#e0b866]%s[/color]（受統率影響），遍體創痕皆為盾，反噬之鋒亦如刀。 
89090	自身成功釋放主動技能後，有%s機率降低主目標部曲%s移速加成並轉換為自身部曲移速加成（無視免疫減速效果），持續%s秒。所率領部曲防禦提升%s（受武力影響）。自身造成的技能傷害提升%s（受武力影響）。張遼率領騎兵部曲時，周圍%s碼範圍內若友方部曲的數量（不包括同盟部曲）少於敵方部曲時，生效以下兩個效果：1.自身主動技能附帶%s碼範圍濺射效果%s（最大濺射數量：%s）；2.以張遼部曲為主目標的敵方部曲（最多同時生效%s個）均有%s機率被施加畏威狀態，部曲隨機1~2名武將釋放主動技能時必定失敗，持續%s秒。
89091	初始可獲得%s層名望狀態，同時疊加層數上限提升%s，疊至%s層後，自身部曲%s碼範圍內%s個友方遠端部曲（包括自身部曲）可獲得貫心狀態，技能暴擊機率%s，暴擊傷害率%s。每參與擊潰一個部曲，可奪取其主將%s武力和智力，每場戰鬥可奪取%s次。袁紹和一名友方武將（優先武力智力之和更高的武將）造成技能傷害時，可額外根據目標部曲主將的武力或智力差提升本次技能傷害，每點武力/智力差提升%s技能傷害（優先選擇差距最大的屬性計算）。所率領的部曲防禦提升%s（受武力和智力影響），每參與擊潰一個部曲，所在部曲防禦額外提升%s，可疊加%s次
50202202	忠不顧身
50202203	雲湧飆發
50103902	嶽鎮淵渟
50200505	橫刀揭斧
50200405	寒芒斬將
50101903	驍騎難當
50101902	江都對策
50200205	豪情綺影
50200203	逸興雲飛
50200202	松貞玉剛
50200201	微步淩波
50200103	兄弟參商
50200102	覽照幽微
50200101	逐鹿獵心
50106502	黃巾召令
50106503	太平道法
50106505	天醫惑心
50102505	斬敵千里
50106602	群寇歸心
50106603	草莽雄略
50106605	縱橫綠林
50200901	橫戈盤馬
50200902	摩厲以須
50200903	銅山如磐
50106703	奇策十三
50106705	奇正相生
50107202	晦月掩輝
50107203	懿府剛貞
50107205	鸞鳳相依
50103201	索命連環
50103202	泣麟悲鳳
50103203	佻身飛鏃
50103205	鳳鳴鶴唳
50107302	捨命扶危
50107303	獨膽摧鋒
50107305	虎臣衛戍
50201601	臨鋒決敵
50201602	神上使
50201603	登鋒履刃
50103303	江山巧計
50103305	彈劍展驥
50107402	思召出鋒
50103402	鳳儀相會
50103403	衣香鬢影
560060	選擇[color=#e0b866]%s[/color]碼範圍內的目的地區域，最多攜同自身部曲周圍%s碼範圍內的[color=#e0b866]2[/color]個己方部曲（包含託管部曲）躍襲至目的地區域，同時自身部曲獲得[color=#e0b866]%s[/color]秒[url={f=2,560094,300,false}][color=#e0b866]魏武狀態[/color][/url]，受到非主目標部曲的傷害降低[color=#e0b866]%s[/color]且自身部曲免疫嘲諷效果，冷卻時間[color=#e0b866]%s[/color]秒
560061	所在的遠端部曲[color=#e0b866]%s[/color]碼範圍內，最多[color=#e0b866]%s[/color]個友方的遠端部曲（包括自身部曲）可獲得[url={f=2,560095,300,false}][color=#e0b866]遠射狀態[/color][/url]，射程額外增加[color=#e0b866]%s[/color]碼並獲得[color=#e0b866]%s[/color]增傷效果
560062	所在的盾兵部曲[color=#e0b866]%s[/color]碼範圍內，最多[color=#e0b866]%s[/color]個友方的盾兵部曲（包括自身部曲）可獲得[url={f=2,560097,300,false}][color=#e0b866]仁澤狀態[/color][/url]，部曲受到所有傷害降低[color=#e0b866]%s[/color]。率領盾兵部曲時，可手動啟動仁德之光為自身部曲[color=#e0b866]%s[/color]碼範圍內[color=#e0b866]%s[/color]個處於戰鬥狀態的友方盾兵部曲（包括自身部曲，單個部曲同時僅可享受一個仁德之光治療效果）治療部分士兵（治療係數[color=#e0b866]%s[/color]，目標當前被集火的部曲數越多，治療係數越高，最大為%s），持續%s秒，冷卻時間%s秒
50106205	將門鳳儀
50106203	飛矢追星
50106202	星彩連環
50102301	白馬義從
50102801	幻霧遁形
50102802	遁甲天書
50102803	杯影戲梟
50102805	太虛引靈
50103001	天機讖語
50103002	太平清領
50103005	道心澤世
50103501	鳴鼓雷震
50103502	算無遺策
50103503	躡影追風
50103505	鬼謀毒計
50103601	赤膽衛戍
50103602	蹈厲發揚
50103603	堅壁安民
50103605	堅不可摧
50103701	喑嗚叱吒
50103702	憑河暴虎
50103703	確固不拔
50103705	蠻力虎步
50104501	喬色流芳
50106001	深猷遠計
50106201	坤寧淑影
50106005	和談雅辯
50202803	度勢攻心
50202805	出奇無窮
50202901	奉衛吳疆
50202902	吳銳沖陣
50202403	虎豹騎魂
50202402	千里奔襲
50202401	虎嘯雍涼
550321	對敵方部曲造成一次直接傷害（傷害係數%s，受武力影響），額外根據雙方部曲的移速差提升本次主動技能傷害係數，每點移速差提升%s傷害係數
550315	所在部曲的的防禦提升%s（受武力影響）；受到普攻傷害時，造成一次反擊傷害（傷害係數%s，受武力影響，每秒最多可觸發%s次反擊）
550312	在聯盟烽火臺範圍內戰鬥時，自身普攻傷害係數提升%s
550311	對敵方部曲造成一次直接傷害 (傷害係數%s，受武力影響)，%s機率提升自身普攻係數%s，持續%s秒
550310	自身技能傷害提升%s（受統率影響）；所在部曲的防禦提升%s（受統率影響）
550308	所在部曲位於聯盟烽火臺範圍內戰鬥時，部曲防禦提升%s（受統率影響）
550307	所在部曲的防禦提升%s
550306	對%s碼範圍內最多%s支敵方部曲造成一次傷害（傷害係數%s，受統率影響），主目標部曲受到全額傷害，其他部曲受到%s傷害
50107503	五子先聲
50107502	剛勇有謀
50103401	驚鴻宛轉
50107405	世胄流光
50107403	橫刀長揖
50104503	鵲橋歸寂
50103302	折節學問
50103301	劍戟森森
50104602	芳菲盡染
50104603	韶華如夢
50104605	顧曲唱和
50104702	黃武即帝
50104703	乘馬射虎
50104705	提拔囚虜
50203010	臨危畫策
50104802	麗華妙策
50104803	鐵騎臨風
50104805	飛雲掣電
50104902	雄心四據
50104903	破矢回春
50104905	水斷虯龍
50105002	興王定霸
50105003	志得氣盈
50105005	飲醇自醉
50105102	虔恭夙夜
50105103	千秋歲引
50105105	淵清玉絜
50105702	風流雲散
50105703	黃卷青燈
50105705	洞幽燭微
50105802	孤膽衝鋒
50105803	子午奇謀
50105805	反骨梟將
50203008	東郡烈骨
50203007	謀斷危局
50203006	悖亂明志
50203005	洞燭機先
50203003	韜略定亂
50203002	守經達權
50203001	懷輯南疆
50202905	雪奮短兵
50202903	皓首鏖鋒
50100101	威震三軍
50100102	單騎救主
50100103	常勝將軍
50100105	七進七出
50202802	異才奇士
50202801	坐照運籌
50202705	直方敢諫
50202703	弘義輔吳
50202702	瑾言解危
50202701	揚矢摧鋒
50202505	飲馬長城
50202503	檄文驚世
50202502	妙筆伐謀
50202501	箭在弦上
50105902	士別三日
50105903	銳志吞荊
50105905	儒衫掠影
50202405	驚帆破敵
50202305	酣戰尤勇
50202205	駿波虎浪
50202105	猛志懾敵
50202102	銳鋒蕩寇
50202101	虎膽破敵
50202005	暗謀疾襲
50202003	草木知威
50202002	定國安邦
50202001	氣連霄漢
50201805	當敵制決
50201803	敢勇當先
50201802	奮強突固
50201801	每戰先登
50201605	貫甲提兵
50201105	洽聞博見
50201103	被甲枕戈
50201102	藏鋒斂鍔
50201101	功以權成
50200905	圭角不露
50200805	計然之策
50200705	涎玉嬌姿
50106301	駕塵禦風
50200105	龍驤麟振
50107505	逍遙陷陣
50107501	召虎鎮南
50107401	河北雄主
50107301	濡須沖圍
50107201	春帷點策
50107105	續漢征塵
50107103	九伐銘心
50107102	祁山月明
50107101	薪膽承志
50106801	靜思詭道
50106701	智破千機
50106601	黑山嘯聚
50106501	地公庇佑
50106405	方術破陣
50106403	黃巾捍衛
50106402	符法亂軍
50106401	人公威震
50101901	銳氣奪鋒
50101905	虎踞江東
50106002	安車軟輪
50106003	臨事不苟
50100201	轅門射戟
50100202	鷙搏狼抗
50100203	氣冠三軍
50100205	懸旌萬里
50100301	步罡踏鬥
50100302	隴上妝神
50100303	臥龍出山
50100305	八卦陣
50100401	星流霆擊
50100402	三馬同槽
50100403	貫鬥雙龍
50100405	畢力遐方
555196	袁紹成功釋放主動技能後，額外釋放一次萬箭齊發，對%s碼範圍內的%s個敵方部曲造成一次傷害（傷害係數%s），若觸發暴擊則本次傷害額外附帶%s倒戈效果。
555197	河北強弩據高櫓而臨陣。所率領的弓兵部曲每 %s 秒獲得 %s 點耐久護盾；護盾存續期間，所受傷害優先由護盾耐久承受，同時免疫所有控制狀態。（該護盾僅在大地圖對玩家部曲生效）
50106302	長纓紅綾
50106303	槍舞星落
50106305	神鳳立威
550323	自身成功釋放普攻後，%s機率提升部曲防禦%s（受武力影響），持續%s秒
550325	進入戰鬥%s秒後，部曲防禦提升%s（受武力影響），額外根據雙方部曲的移速差提升自身技能傷害，每點移速差提升%s（受武力影響）技能傷害
50103901	沉潛剛克
50103903	穩守禦敵
50202301	鐵血戰魂
50202302	槍影如風
50202303	兵無常勢
50104001	渡而擊之
50104003	橫刀立馬
50100501	堅壁清野
50100502	縱橫捭闔
50100503	定謀貴決
50100505	淵謀遠略
50100601	破敵刃心
50100602	十勝十敗
50100603	夕惕若厲
50100605	輔翼謀襲
50100701	德厚流光
50100702	三顧茅廬
50100703	謀借荊州
50100704	仁德之光
50100705	躍馬檀溪
50100801	不動如山
50100802	據水斷橋
50100803	以威震懾
50100805	堅如磐石
50100901	單刀赴會
50100902	千里走單騎
50100903	率馬以驥
50100905	水淹七軍
50101001	蹈鋒飲血
50101002	萬夫莫敵
50101003	鐵馬戰行
50101005	風掣雷行
50101101	計斬妙才
50101102	孝直避箭
50101103	睹事知機
50101105	面折廷爭
50101201	江水烈焰
50101202	熛射江流
50101203	盡銳出戰
50101205	烈火雄心
50101301	成霸安疆
50101302	短歌行
50101303	割須棄袍
50101305	魏武之志
50101401	威震淮汝
50101402	孤軍奮起
50101403	傾肝瀝膽
50101405	折衝左右
50101601	誅凶殄逆
50101602	言笑解懼
50101603	砥鋒挺鍔
50101605	梟俊擒敵
50101701	江東猛虎
50101702	能征慣戰
50101703	銳意疾風
50101705	豪氣淩雲
50200401	雲橫雁陣
50200402	長轡遠禦
50200403	破軍神威
50104002	克紹門風
50103905	鴻爪雪泥
50200501	抽刀鈍襲
50200502	奮發踔厲
50200503	怯防勇戰
50102201	黃天當立
50102202	誑時惑眾
50102203	斗轉參橫
50102205	如日方升
50202201	狂瀾碎甲
50103405	飛燕游龍
50202103	忠烈斬棘
